{"cameraMode":{"drawMode":0,"name":"Shaded","section":"Shading Mode"},"sceneLighting":true,"audioPlay":false,"sceneViewState":{"showFog":true,"showMaterialUpdate":true,"showSkybox":true,"showFlares":true,"showImageEffects":true,"showParticleSystems":true},"in2DMode":false,"pivot":{"x":2.352433681488037,"y":-0.12842321395874024,"z":0.23965847492218018},"rotation":{"x":0.23100599646568299,"y":0.767196536064148,"z":-0.397710382938385,"w":0.4471464157104492},"size":0.747343122959137,"orthographic":false}